{
	"format_version": "1.9.0",
	"credit": "Made with Blockbench",
	"parent": "shoes",
	"textures": {
		"0": "block/texture",
		"particle": "block/texture"
	},
	"elements": [
		{
			"from": [0, 0, 2],
			"to": [8, 1, 13],
			"rotation": {"angle": 0, "axis": "y", "origin": [6, 0, 2]},
			"faces": {
				"north": {"uv": [0, 0, 8, 1], "texture": "#missing"},
				"east": {"uv": [0, 0, 11, 1], "texture": "#missing"},
				"south": {"uv": [0, 0, 8, 1], "texture": "#missing"},
				"west": {"uv": [0, 0, 11, 1], "texture": "#missing"},
				"up": {"uv": [0, 0, 8, 11], "texture": "#missing"},
				"down": {"uv": [0, 0, 8, 11], "texture": "#0"}
			}
		},
		{
			"from": [0, 4, 2],
			"to": [8, 5, 8],
			"rotation": {"angle": 0, "axis": "y", "origin": [6, 4, 2]},
			"faces": {
				"north": {"uv": [8, 0, 16, 1], "texture": "#0"},
				"east": {"uv": [8, 2, 14, 3], "texture": "#0"},
				"south": {"uv": [8, 1, 16, 2], "texture": "#0"},
				"west": {"uv": [8, 3, 14, 4], "texture": "#0"},
				"up": {"uv": [8, 6, 0, 0], "texture": "#0"},
				"down": {"uv": [8, 6, 0, 12], "texture": "#0"}
			}
		},
		{
			"from": [0, 1, 2],
			"to": [1, 5, 13],
			"rotation": {"angle": 0, "axis": "y", "origin": [0, 1, 2]},
			"faces": {
				"north": {"uv": [0, 0, 1, 4], "texture": "#missing"},
				"east": {"uv": [0, 0, 11, 4], "texture": "#0"},
				"south": {"uv": [0, 0, 1, 4], "texture": "#missing"},
				"west": {"uv": [0, 0, 11, 4], "texture": "#0"},
				"up": {"uv": [0, 0, 1, 11], "texture": "#0"},
				"down": {"uv": [0, 0, 1, 11], "texture": "#missing"}
			}
		},
		{
			"from": [7, 1, 2],
			"to": [8, 5, 13],
			"rotation": {"angle": 0, "axis": "y", "origin": [7, 1, 2]},
			"faces": {
				"north": {"uv": [0, 0, 1, 4], "texture": "#missing"},
				"east": {"uv": [0, 0, 11, 4], "texture": "#0"},
				"south": {"uv": [0, 0, 1, 4], "texture": "#missing"},
				"west": {"uv": [0, 0, 11, 4], "texture": "#0"},
				"up": {"uv": [0, 0, 1, 11], "texture": "#0"},
				"down": {"uv": [0, 0, 1, 11], "texture": "#missing"}
			}
		},
		{
			"from": [0, 1, 2],
			"to": [8, 5, 3],
			"rotation": {"angle": 0, "axis": "y", "origin": [0, 1, 2]},
			"faces": {
				"north": {"uv": [0, 0, 8, 4], "texture": "#0"},
				"east": {"uv": [0, 0, 1, 4], "texture": "#missing"},
				"south": {"uv": [0, 0, 8, 4], "texture": "#missing"},
				"west": {"uv": [0, 0, 1, 4], "texture": "#missing"},
				"up": {"uv": [0, 0, 8, 1], "texture": "#0"},
				"down": {"uv": [0, 0, 8, 1], "texture": "#missing"}
			}
		},
		{
			"from": [0, 1, 12],
			"to": [8, 5, 13],
			"rotation": {"angle": 0, "axis": "y", "origin": [0, 1, 12]},
			"faces": {
				"north": {"uv": [0, 0, 8, 4], "texture": "#missing"},
				"east": {"uv": [0, 0, 1, 4], "texture": "#missing"},
				"south": {"uv": [0, 0, 8, 4], "texture": "#0"},
				"west": {"uv": [0, 0, 1, 4], "texture": "#missing"},
				"up": {"uv": [0, 0, 8, 1], "texture": "#0"},
				"down": {"uv": [0, 0, 8, 1], "texture": "#missing"}
			}
		}
	],
	"display": {
		"thirdperson_righthand": {
			"rotation": [67, 0, 0],
			"translation": [3.25, 0, 1.75],
			"scale": [0.60352, 0.82422, 0.67578]
		},
		"thirdperson_lefthand": {
			"rotation": [85, 0, 0],
			"translation": [-2.25, -1, 2.25],
			"scale": [0.66, 0.83, 0.79]
		},
		"gui": {
			"translation": [3.5, 9.5, 0]
		}
	}
}