{
	"format_version": "1.21.6",
	"credit": "Made with Blockbench",
	"textures": {
		"0": "pixilart-drawing",
		"particle": "pixilart-drawing"
	},
	"elements": [
		{
			"from": [4, 0, 5],
			"to": [4, 11, 12],
			"rotation": {"angle": 0, "axis": "y", "origin": [10, 0, 10]},
			"faces": {
				"north": {"uv": [0, 0, 2, 11], "texture": "#0"},
				"east": {"uv": [0, 0, 7, 11], "texture": "#0"},
				"south": {"uv": [0, 0, 2, 11], "texture": "#0"},
				"west": {"uv": [3, 2, 11, 13], "texture": "#0"},
				"up": {"uv": [0, 0, 2, 7], "texture": "#0"},
				"down": {"uv": [0, 0, 2, 7], "texture": "#0"}
			}
		}
	],
	"display": {
		"firstperson_lefthand": {
			"rotation": [0, 33.75, 0],
			"translation": [0, 6, 0],
			"scale": [1, 0.95, 1.28]
		}
	}
}