{
	"format_version": "1.21.6",
	"credit": "Made with Blockbench",
	"parent": "Couch",
	"texture_size": [64, 64],
	"textures": {
		"0": "block/texture",
		"1": "block/texture",
		"2": "block/texture",
		"3": "block/texture",
		"4": "block/texture",
		"5": "block/texture",
		"particle": "block/texture"
	},
	"elements": [
		{
			"from": [0, 13, 0],
			"to": [17, 15, 16],
			"rotation": {"angle": 0, "axis": "y", "origin": [0, 13, 5]},
			"faces": {
				"north": {"uv": [4.25, 0, 8.5, 0.5], "texture": "#5"},
				"east": {"uv": [4.25, 1, 8.25, 1.5], "texture": "#5"},
				"south": {"uv": [4.25, 0.5, 8.5, 1], "texture": "#5"},
				"west": {"uv": [4.25, 1.5, 8.25, 2], "texture": "#5"},
				"up": {"uv": [4.25, 4, 0, 0], "texture": "#5"},
				"down": {"uv": [4.25, 4, 0, 8], "texture": "#5"}
			}
		},
		{
			"from": [0, 13, 0],
			"to": [17, 30, 3],
			"rotation": {"angle": 0, "axis": "y", "origin": [0, 13, 5]},
			"faces": {
				"north": {"uv": [0, 0, 4.25, 4.25], "texture": "#4"},
				"east": {"uv": [4.25, 0, 5, 4.25], "texture": "#4"},
				"south": {"uv": [0, 4.25, 4.25, 8.5], "texture": "#4"},
				"west": {"uv": [4.25, 4.25, 5, 8.5], "texture": "#4"},
				"up": {"uv": [9.25, 0.75, 5, 0], "texture": "#4"},
				"down": {"uv": [9.25, 0.75, 5, 1.5], "texture": "#4"}
			}
		},
		{
			"from": [0, 0, 0],
			"to": [2, 13, 2],
			"faces": {
				"north": {"uv": [0, 0, 2, 15], "texture": "#1"},
				"east": {"uv": [2, 0, 4, 15], "texture": "#1"},
				"south": {"uv": [4, 0, 6, 15], "texture": "#1"},
				"west": {"uv": [6, 0, 8, 15], "texture": "#1"},
				"up": {"uv": [10, 2, 8, 0], "texture": "#1"},
				"down": {"uv": [10, 2, 8, 4], "texture": "#1"}
			}
		},
		{
			"from": [0, 0, 14],
			"to": [2, 13, 16],
			"rotation": {"angle": 0, "axis": "y", "origin": [0, 0, 14]},
			"faces": {
				"north": {"uv": [0, 0, 2, 15], "texture": "#0"},
				"east": {"uv": [2, 0, 4, 15], "texture": "#0"},
				"south": {"uv": [4, 0, 6, 15], "texture": "#0"},
				"west": {"uv": [6, 0, 8, 15], "texture": "#0"},
				"up": {"uv": [10, 2, 8, 0], "texture": "#0"},
				"down": {"uv": [10, 2, 8, 4], "texture": "#0"}
			}
		},
		{
			"from": [14, 0, 14],
			"to": [16, 13, 16],
			"rotation": {"angle": 0, "axis": "y", "origin": [14, 0, 14]},
			"faces": {
				"north": {"uv": [0, 0, 2, 14], "texture": "#2"},
				"east": {"uv": [2, 0, 4, 14], "texture": "#2"},
				"south": {"uv": [4, 0, 6, 14], "texture": "#2"},
				"west": {"uv": [6, 0, 8, 14], "texture": "#2"},
				"up": {"uv": [10, 2, 8, 0], "texture": "#2"},
				"down": {"uv": [10, 2, 8, 4], "texture": "#2"}
			}
		},
		{
			"from": [14, 0, 0],
			"to": [16, 13, 2],
			"rotation": {"angle": 0, "axis": "y", "origin": [14, 0, 0]},
			"faces": {
				"north": {"uv": [0, 0, 2, 15], "texture": "#3"},
				"east": {"uv": [2, 0, 4, 15], "texture": "#3"},
				"south": {"uv": [4, 0, 6, 15], "texture": "#3"},
				"west": {"uv": [6, 0, 8, 15], "texture": "#3"},
				"up": {"uv": [10, 2, 8, 0], "texture": "#3"},
				"down": {"uv": [10, 2, 8, 4], "texture": "#3"}
			}
		}
	]
}